<?xml version="1.0"?>
<doc>
    <assembly>
        <name>FTD2XX_NET</name>
    </assembly>
    <members>
        <member name="T:UsbLibrary.Report">
            <summary>
            Base class for report types. Simply wraps a byte buffer.
            </summary>
        </member>
        <member name="F:UsbLibrary.Report.m_arrBuffer">
            <summary>Buffer for raw report bytes</summary>
        </member>
        <member name="F:UsbLibrary.Report.m_nLength">
            <summary>Length of the report</summary>
        </member>
        <member name="M:UsbLibrary.Report.#ctor(UsbLibrary.HIDDevice)">
            <summary>
            Constructor
            </summary>
            <param name="oDev">Constructing device</param>
        </member>
        <member name="M:UsbLibrary.Report.SetBuffer(System.Byte[])">
            <summary>
            Sets the raw byte array.
            </summary>
            <param name="arrBytes">Raw report bytes</param>
        </member>
        <member name="P:UsbLibrary.Report.Buffer">
            <summary>
            Accessor for the raw byte buffer
            </summary>
        </member>
        <member name="P:UsbLibrary.Report.BufferLength">
            <summary>
            Accessor for the buffer length
            </summary>
        </member>
        <member name="T:UsbLibrary.OutputReport">
            <summary>
            Defines a base class for output reports. To use output reports, just put the bytes into the raw buffer.
            </summary>
        </member>
        <member name="M:UsbLibrary.OutputReport.#ctor(UsbLibrary.HIDDevice)">
            <summary>
            Construction. Setup the buffer with the correct output report length dictated by the device
            </summary>
            <param name="oDev">Creating device</param>
        </member>
        <member name="T:UsbLibrary.InputReport">
            <summary>
            Defines a base class for input reports. To use input reports, use the SetData method and override the 
            ProcessData method.
            </summary>
        </member>
        <member name="M:UsbLibrary.InputReport.#ctor(UsbLibrary.HIDDevice)">
            <summary>
            Construction. Do nothing
            </summary>
            <param name="oDev">Creating device</param>
        </member>
        <member name="M:UsbLibrary.InputReport.SetData(System.Byte[])">
            <summary>
            Call this to set the buffer given a raw input report. Calls an overridable method to
            should automatically parse the bytes into meaningul structures.
            </summary>
            <param name="arrData">Raw input report.</param>
        </member>
        <member name="M:UsbLibrary.InputReport.ProcessData">
            <summary>
            Override this to process the input report into something useful
            </summary>
        </member>
        <member name="T:UsbLibrary.Win32Usb">
            <summary>
            Class that wraps USB API calls and structures.
            </summary>
        </member>
        <member name="F:UsbLibrary.Win32Usb.WM_DEVICECHANGE">
            <summary>Windows message sent when a device is inserted or removed</summary>
        </member>
        <member name="F:UsbLibrary.Win32Usb.DEVICE_ARRIVAL">
            <summary>WParam for above : A device was inserted</summary>
        </member>
        <member name="F:UsbLibrary.Win32Usb.DEVICE_REMOVECOMPLETE">
            <summary>WParam for above : A device was removed</summary>
        </member>
        <member name="F:UsbLibrary.Win32Usb.DIGCF_PRESENT">
            <summary>Used in SetupDiClassDevs to get devices present in the system</summary>
        </member>
        <member name="F:UsbLibrary.Win32Usb.DIGCF_DEVICEINTERFACE">
            <summary>Used in SetupDiClassDevs to get device interface details</summary>
        </member>
        <member name="F:UsbLibrary.Win32Usb.DEVTYP_DEVICEINTERFACE">
            <summary>Used when registering for device insert/remove messages : specifies the type of device</summary>
        </member>
        <member name="F:UsbLibrary.Win32Usb.DEVICE_NOTIFY_WINDOW_HANDLE">
            <summary>Used when registering for device insert/remove messages : we're giving the API call a window handle</summary>
        </member>
        <member name="F:UsbLibrary.Win32Usb.PURGE_TXABORT">
            <summary>Purges Win32 transmit buffer by aborting the current transmission.</summary>
        </member>
        <member name="F:UsbLibrary.Win32Usb.PURGE_RXABORT">
            <summary>Purges Win32 receive buffer by aborting the current receive.</summary>
        </member>
        <member name="F:UsbLibrary.Win32Usb.PURGE_TXCLEAR">
            <summary>Purges Win32 transmit buffer by clearing it.</summary>
        </member>
        <member name="F:UsbLibrary.Win32Usb.PURGE_RXCLEAR">
            <summary>Purges Win32 receive buffer by clearing it.</summary>
        </member>
        <member name="F:UsbLibrary.Win32Usb.GENERIC_READ">
            <summary>CreateFile : Open file for read</summary>
        </member>
        <member name="F:UsbLibrary.Win32Usb.GENERIC_WRITE">
            <summary>CreateFile : Open file for write</summary>
        </member>
        <member name="F:UsbLibrary.Win32Usb.FILE_SHARE_WRITE">
            <summary>CreateFile : file share for write</summary>
        </member>
        <member name="F:UsbLibrary.Win32Usb.FILE_SHARE_READ">
            <summary>CreateFile : file share for read</summary>
        </member>
        <member name="F:UsbLibrary.Win32Usb.FILE_FLAG_OVERLAPPED">
            <summary>CreateFile : Open handle for overlapped operations</summary>
        </member>
        <member name="F:UsbLibrary.Win32Usb.OPEN_EXISTING">
            <summary>CreateFile : Resource to be "created" must exist</summary>
        </member>
        <member name="F:UsbLibrary.Win32Usb.OPEN_ALWAYS">
            <summary>CreateFile : Resource will be "created" or existing will be used</summary>
        </member>
        <member name="F:UsbLibrary.Win32Usb.ERROR_IO_PENDING">
            <summary>ReadFile/WriteFile : Overlapped operation is incomplete.</summary>
        </member>
        <member name="F:UsbLibrary.Win32Usb.INFINITE">
            <summary>Infinite timeout</summary>
        </member>
        <member name="F:UsbLibrary.Win32Usb.NullHandle">
            <summary>Simple representation of a null handle : a closed stream will get this handle. Note it is public for comparison by higher level classes.</summary>
        </member>
        <member name="F:UsbLibrary.Win32Usb.InvalidHandleValue">
            <summary>Simple representation of the handle returned when CreateFile fails.</summary>
        </member>
        <member name="M:UsbLibrary.Win32Usb.HidD_GetHidGuid(System.Guid@)">
            <summary>
            Gets the GUID that Windows uses to represent HID class devices
            </summary>
            <param name="gHid">An out parameter to take the Guid</param>
        </member>
        <member name="M:UsbLibrary.Win32Usb.SetupDiGetClassDevs(System.Guid@,System.String,System.IntPtr,System.UInt32)">
            <summary>
            Allocates an InfoSet memory block within Windows that contains details of devices.
            </summary>
            <param name="gClass">Class guid (e.g. HID guid)</param>
            <param name="strEnumerator">Not used</param>
            <param name="hParent">Not used</param>
            <param name="nFlags">Type of device details required (DIGCF_ constants)</param>
            <returns>A reference to the InfoSet</returns>
        </member>
        <member name="M:UsbLibrary.Win32Usb.SetupDiDestroyDeviceInfoList(System.IntPtr)">
            <summary>
            Frees InfoSet allocated in call to above.
            </summary>
            <param name="lpInfoSet">Reference to InfoSet</param>
            <returns>true if successful</returns>
        </member>
        <member name="M:UsbLibrary.Win32Usb.SetupDiEnumDeviceInterfaces(System.IntPtr,System.IntPtr,System.Guid@,System.UInt32,UsbLibrary.Win32Usb.DeviceInterfaceData@)">
            <summary>
            Gets the DeviceInterfaceData for a device from an InfoSet.
            </summary>
            <param name="lpDeviceInfoSet">InfoSet to access</param>
            <param name="nDeviceInfoData">Not used</param>
            <param name="gClass">Device class guid</param>
            <param name="nIndex">Index into InfoSet for device</param>
            <param name="oInterfaceData">DeviceInterfaceData to fill with data</param>
            <returns>True if successful, false if not (e.g. when index is passed end of InfoSet)</returns>
        </member>
        <member name="M:UsbLibrary.Win32Usb.SetupDiGetDeviceInterfaceDetail(System.IntPtr,UsbLibrary.Win32Usb.DeviceInterfaceData@,System.IntPtr,System.UInt32,System.UInt32@,System.IntPtr)">
            <summary>
            SetupDiGetDeviceInterfaceDetail
            Gets the interface detail from a DeviceInterfaceData. This is pretty much the device path.
            You call this twice, once to get the size of the struct you need to send (nDeviceInterfaceDetailDataSize=0)
            and once again when you've allocated the required space.
            </summary>
            <param name="lpDeviceInfoSet">InfoSet to access</param>
            <param name="oInterfaceData">DeviceInterfaceData to use</param>
            <param name="lpDeviceInterfaceDetailData">DeviceInterfaceDetailData to fill with data</param>
            <param name="nDeviceInterfaceDetailDataSize">The size of the above</param>
            <param name="nRequiredSize">The required size of the above when above is set as zero</param>
            <param name="lpDeviceInfoData">Not used</param>
            <returns></returns>
        </member>
        <member name="M:UsbLibrary.Win32Usb.SetupDiGetDeviceInterfaceDetail(System.IntPtr,UsbLibrary.Win32Usb.DeviceInterfaceData@,UsbLibrary.Win32Usb.DeviceInterfaceDetailData@,System.UInt32,System.UInt32@,System.IntPtr)">
            <summary>
            SetupDiGetDeviceInterfaceDetail
            Gets the interface detail from a DeviceInterfaceData. This is pretty much the device path.
            You call this twice, once to get the size of the struct you need to send (nDeviceInterfaceDetailDataSize=0)
            and once again when you've allocated the required space.
            </summary>
            <param name="lpDeviceInfoSet">InfoSet to access</param>
            <param name="oInterfaceData">DeviceInterfaceData to use</param>
            <param name="oDetailData">DeviceInterfaceDetailData to fill with data</param>
            <param name="nDeviceInterfaceDetailDataSize">The size of the above</param>
            <param name="nRequiredSize">The required size of the above when above is set as zero</param>
            <param name="lpDeviceInfoData">Not used</param>
            <returns></returns>
        </member>
        <member name="M:UsbLibrary.Win32Usb.RegisterDeviceNotification(System.IntPtr,UsbLibrary.Win32Usb.DeviceBroadcastInterface,System.UInt32)">
            <summary>
            Registers a window for device insert/remove messages
            </summary>
            <param name="hwnd">Handle to the window that will receive the messages</param>
            <param name="oInterface">DeviceBroadcastInterrface structure</param>
            <param name="nFlags">set to DEVICE_NOTIFY_WINDOW_HANDLE</param>
            <returns>A handle used when unregistering</returns>
        </member>
        <member name="M:UsbLibrary.Win32Usb.UnregisterDeviceNotification(System.IntPtr)">
            <summary>
            Unregister from above.
            </summary>
            <param name="hHandle">Handle returned in call to RegisterDeviceNotification</param>
            <returns>True if success</returns>
        </member>
        <member name="M:UsbLibrary.Win32Usb.HidD_GetPreparsedData(System.IntPtr,System.IntPtr@)">
            <summary>
            Gets details from an open device. Reserves a block of memory which must be freed.
            </summary>
            <param name="hFile">Device file handle</param>
            <param name="lpData">Reference to the preparsed data block</param>
            <returns></returns>
        </member>
        <member name="M:UsbLibrary.Win32Usb.HidD_FreePreparsedData(System.IntPtr@)">
            <summary>
            Frees the memory block reserved above.
            </summary>
            <param name="pData">Reference to preparsed data returned in call to GetPreparsedData</param>
            <returns></returns>
        </member>
        <member name="M:UsbLibrary.Win32Usb.HidP_GetCaps(System.IntPtr,UsbLibrary.Win32Usb.HidCaps@)">
            <summary>
            Gets a device's capabilities from the preparsed data.
            </summary>
            <param name="lpData">Preparsed data reference</param>
            <param name="oCaps">HidCaps structure to receive the capabilities</param>
            <returns>True if successful</returns>
        </member>
        <member name="M:UsbLibrary.Win32Usb.CreateFile(System.String,System.UInt32,System.UInt32,System.IntPtr,System.UInt32,System.UInt32,System.IntPtr)">
            <summary>
            Creates/opens a file, serial port, USB device... etc
            </summary>
            <param name="strName">Path to object to open</param>
            <param name="nAccess">Access mode. e.g. Read, write</param>
            <param name="nShareMode">Sharing mode</param>
            <param name="lpSecurity">Security details (can be null)</param>
            <param name="nCreationFlags">Specifies if the file is created or opened</param>
            <param name="nAttributes">Any extra attributes? e.g. open overlapped</param>
            <param name="lpTemplate">Not used</param>
            <returns></returns>
        </member>
        <member name="M:UsbLibrary.Win32Usb.CloseHandle(System.IntPtr)">
            <summary>
            Closes a window handle. File handles, event handles, mutex handles... etc
            </summary>
            <param name="hFile">Handle to close</param>
            <returns>True if successful.</returns>
        </member>
        <member name="M:UsbLibrary.Win32Usb.RegisterForUsbEvents(System.IntPtr,System.Guid)">
            <summary>
            Registers a window to receive windows messages when a device is inserted/removed. Need to call this
            from a form when its handle has been created, not in the form constructor. Use form's OnHandleCreated override.
            </summary>
            <param name="hWnd">Handle to window that will receive messages</param>
            <param name="gClass">Class of devices to get messages for</param>
            <returns>A handle used when unregistering</returns>
        </member>
        <member name="M:UsbLibrary.Win32Usb.UnregisterForUsbEvents(System.IntPtr)">
            <summary>
            Unregisters notifications. Can be used in form dispose
            </summary>
            <param name="hHandle">Handle returned from RegisterForUSBEvents</param>
            <returns>True if successful</returns>
        </member>
        <member name="P:UsbLibrary.Win32Usb.HIDGuid">
            <summary>
            Helper to get the HID guid.
            </summary>
        </member>
        <member name="T:UsbLibrary.Win32Usb.Overlapped">
            <summary>
            An overlapped structure used for overlapped IO operations. The structure is
            only used by the OS to keep state on pending operations. You don't need to fill anything in if you
            unless you want a Windows event to fire when the operation is complete.
            </summary>
        </member>
        <member name="T:UsbLibrary.Win32Usb.DeviceInterfaceData">
            <summary>
            Provides details about a single USB device
            </summary>
        </member>
        <member name="T:UsbLibrary.Win32Usb.HidCaps">
            <summary>
            Provides the capabilities of a HID device
            </summary>
        </member>
        <member name="T:UsbLibrary.Win32Usb.DeviceInterfaceDetailData">
            <summary>
            Access to the path for a device
            </summary>
        </member>
        <member name="T:UsbLibrary.Win32Usb.DeviceBroadcastInterface">
            <summary>
            Used when registering a window to receive messages about devices added or removed from the system.
            </summary>
        </member>
        <member name="T:UsbLibrary.HIDDevice">
            <summary>
            Abstract HID device : Derive your new device controller class from this
            </summary>
        </member>
        <member name="F:UsbLibrary.HIDDevice.m_oFile">
            <summary>Filestream we can use to read/write from</summary>
        </member>
        <member name="F:UsbLibrary.HIDDevice.m_nInputReportLength">
            <summary>Length of input report : device gives us this</summary>
        </member>
        <member name="F:UsbLibrary.HIDDevice.m_nOutputReportLength">
            <summary>Length if output report : device gives us this</summary>
        </member>
        <member name="F:UsbLibrary.HIDDevice.m_hHandle">
            <summary>Handle to the device</summary>
        </member>
        <member name="M:UsbLibrary.HIDDevice.Dispose">
            <summary>
            Dispose method
            </summary>
        </member>
        <member name="M:UsbLibrary.HIDDevice.Dispose(System.Boolean)">
            <summary>
            Disposer called by both dispose and finalise
            </summary>
            <param name="bDisposing">True if disposing</param>
        </member>
        <member name="M:UsbLibrary.HIDDevice.Initialise(System.String)">
            <summary>
            Initialises the device
            </summary>
            <param name="strPath">Path to the device</param>
        </member>
        <member name="M:UsbLibrary.HIDDevice.BeginAsyncRead">
            <summary>
            Kicks off an asynchronous read which completes when data is read or when the device
            is disconnected. Uses a callback.
            </summary>
        </member>
        <member name="M:UsbLibrary.HIDDevice.ReadCompleted(System.IAsyncResult)">
            <summary>
            Callback for above. Care with this as it will be called on the background thread from the async read
            </summary>
            <param name="iResult">Async result parameter</param>
        </member>
        <member name="M:UsbLibrary.HIDDevice.Write(UsbLibrary.OutputReport)">
            <summary>
            Write an output report to the device.
            </summary>
            <param name="oOutRep">Output report to write</param>
        </member>
        <member name="M:UsbLibrary.HIDDevice.HandleDataReceived(UsbLibrary.InputReport)">
            <summary>
            virtual handler for any action to be taken when data is received. Override to use.
            </summary>
            <param name="oInRep">The input report that was received</param>
        </member>
        <member name="M:UsbLibrary.HIDDevice.HandleDeviceRemoved">
            <summary>
            Virtual handler for any action to be taken when a device is removed. Override to use.
            </summary>
        </member>
        <member name="M:UsbLibrary.HIDDevice.GetDevicePath(System.IntPtr,UsbLibrary.Win32Usb.DeviceInterfaceData@)">
            <summary>
            Helper method to return the device path given a DeviceInterfaceData structure and an InfoSet handle.
            Used in 'FindDevice' so check that method out to see how to get an InfoSet handle and a DeviceInterfaceData.
            </summary>
            <param name="hInfoSet">Handle to the InfoSet</param>
            <param name="oInterface">DeviceInterfaceData structure</param>
            <returns>The device path or null if there was some problem</returns>
        </member>
        <member name="M:UsbLibrary.HIDDevice.FindDevice(System.Int32,System.Int32,System.Type)">
            <summary>
            Finds a device given its PID and VID
            </summary>
            <param name="nVid">Vendor id for device (VID)</param>
            <param name="nPid">Product id for device (PID)</param>
            <param name="oType">Type of device class to create</param>
            <returns>A new device class of the given type or null</returns>
        </member>
        <member name="M:UsbLibrary.HIDDevice.CreateInputReport">
            <summary>
            Virtual method to create an input report for this device. Override to use.
            </summary>
            <returns>A shiny new input report</returns>
        </member>
        <member name="E:UsbLibrary.HIDDevice.OnDeviceRemoved">
            <summary>
            Event handler called when device has been removed
            </summary>
        </member>
        <member name="P:UsbLibrary.HIDDevice.OutputReportLength">
            <summary>
            Accessor for output report length
            </summary>
        </member>
        <member name="P:UsbLibrary.HIDDevice.InputReportLength">
            <summary>
            Accessor for input report length
            </summary>
        </member>
        <member name="T:UsbLibrary.UsbHidPort">
            <summary>
            This class provides an usb component. This can be placed ont to your form.
            </summary>
        </member>
        <member name="M:UsbLibrary.UsbHidPort.RegisterHandle(System.IntPtr)">
             <summary>
             Registers this application, so it will be notified for usb events.  
             </summary>
             <param name="Handle">a IntPtr, that is a handle to the application.</param>
             <example> This sample shows how to implement this method in your form.
             <code> 
            protected override void OnHandleCreated(EventArgs e)
            {
                base.OnHandleCreated(e);
                usb.RegisterHandle(Handle);
            }
            </code>
            </example>
        </member>
        <member name="M:UsbLibrary.UsbHidPort.UnregisterHandle">
            <summary>
            Unregisters this application, so it won't be notified for usb events.  
            </summary>
            <returns>Returns if it wass succesfull to unregister.</returns>
        </member>
        <member name="M:UsbLibrary.UsbHidPort.ParseMessages(System.Windows.Forms.Message@)">
             <summary>
             This method will filter the messages that are passed for usb device change messages only. 
             And parse them and take the appropriate action 
             </summary>
             <param name="m">a ref to Messages, The messages that are thrown by windows to the application.</param>
             <example> This sample shows how to implement this method in your form.
             <code> 
            protected override void WndProc(ref Message m)
            {
                usb.ParseMessages(ref m);
                base.WndProc(ref m);	    // pass message on to base form
            }
            </code>
            </example>
        </member>
        <member name="M:UsbLibrary.UsbHidPort.CheckDevicePresent">
            <summary>
            Checks the devices that are present at the moment and checks if one of those
            is the device you defined by filling in the product id and vendor id.
            </summary>
        </member>
        <member name="F:UsbLibrary.UsbHidPort.components">
            <summary>
            Required designer variable.
            </summary>
        </member>
        <member name="M:UsbLibrary.UsbHidPort.Dispose(System.Boolean)">
            <summary> 
            Clean up any resources being used.
            </summary>
            <param name="disposing">true if managed resources should be disposed; otherwise, false.</param>
        </member>
        <member name="M:UsbLibrary.UsbHidPort.InitializeComponent">
            <summary>
            Required method for Designer support - do not modify
            the contents of this method with the code editor.
            </summary>
        </member>
        <member name="E:UsbLibrary.UsbHidPort.OnSpecifiedDeviceArrived">
            <summary>
            This event will be triggered when the device you specified is pluged into your usb port on
            the computer. And it is completly enumerated by windows and ready for use.
            </summary>
        </member>
        <member name="E:UsbLibrary.UsbHidPort.OnSpecifiedDeviceRemoved">
            <summary>
            This event will be triggered when the device you specified is removed from your computer.
            </summary>
        </member>
        <member name="E:UsbLibrary.UsbHidPort.OnDeviceArrived">
            <summary>
            This event will be triggered when a device is pluged into your usb port on
            the computer. And it is completly enumerated by windows and ready for use.
            </summary>
        </member>
        <member name="E:UsbLibrary.UsbHidPort.OnDeviceRemoved">
            <summary>
            This event will be triggered when a device is removed from your computer.
            </summary>
        </member>
        <member name="E:UsbLibrary.UsbHidPort.OnDataRecieved">
            <summary>
            This event will be triggered when data is recieved from the device specified by you.
            </summary>
        </member>
        <member name="E:UsbLibrary.UsbHidPort.OnDataSend">
            <summary>
            This event will be triggered when data is send to the device. 
            It will only occure when this action wass succesfull.
            </summary>
        </member>
        <member name="F:FTD2XX_NET.CommPort.components">
            <summary>
            Required designer variable.
            </summary>
        </member>
        <member name="M:FTD2XX_NET.CommPort.Dispose(System.Boolean)">
            <summary> 
            Clean up any resources being used.
            </summary>
            <param name="disposing">true if managed resources should be disposed; otherwise, false.</param>
        </member>
        <member name="M:FTD2XX_NET.CommPort.InitializeComponent">
            <summary>
            Required method for Designer support - do not modify
            the contents of this method with the code editor.
            </summary>
        </member>
        <member name="M:FTD2XX_NET.CommPort.PurgeReceiveBuffer">
            <summary>
            Will clear all bytes from the receive buffer
            </summary>
        </member>
        <member name="M:FTD2XX_NET.CommPort.ReadTo(System.String,System.Boolean)">
            <summary>
            Read up to a certain value in the incoming buffer
            </summary>
            <param name="value">value of the string to stop reading up to</param>
            <param name="deleteReadValue">True will delete what was read while False will not delete</param>
            <returns>The string that was read. Returns an empty string if value does not exist or any errors occur.</returns>
        </member>
        <member name="M:FTD2XX_NET.CommPort.BytesToRead">
            <summary>
            Get the number of bytes to read from the buffer
            </summary>
            <returns>number of bytes available to read</returns>
        </member>
        <member name="M:FTD2XX_NET.CommPort.getNumBytesAvailableToRead">
            <summary>
            Get the number of bytes available to read from the device
            </summary>
            <returns>Number of bytes available to red from the device</returns>
        </member>
        <member name="M:FTD2XX_NET.CommPort.getNumBytesRead">
            <summary>
            
            </summary>
            <returns></returns>
        </member>
        <member name="M:FTD2XX_NET.CommPort.getNumBytesWritten">
            <summary>
            
            </summary>
            <returns></returns>
        </member>
        <member name="M:FTD2XX_NET.CommPort.Write(System.String)">
            <summary>
            Write to the device
            </summary>
            <param name="message">Message to send to the device</param>
            <returns>Will return TRUE if write was successful</returns>
        </member>
        <member name="M:FTD2XX_NET.CommPort.SetBaudRate(System.UInt32)">
            <summary>
            Sets the current Baud Rate
            </summary>
            <param name="baudRate">The desired Baud rate for the device.</param>
            <returns>FT_STATUS value from FT_SetBaudRate</returns>
        </member>
        <member name="M:FTD2XX_NET.CommPort.SetDataCharacteristics(FTD2XX_NET.CommPort.DATA_BITS,FTD2XX_NET.CommPort.STOP_BITS,FTD2XX_NET.CommPort.PARITY)">
            <summary>
            Sets the data bits, stop bits and parity for the device.
            </summary>
            <param name="dataBits">The number of data bits for UART data.  Valid values are DATA_BITS.BITS_8 or DATA_BITS.BITS_7</param>
            <param name="stopBits">The number of stop bits for UART data.  Valid values are STOP_BITS.STOP_BITS_1 or STOP_BITS.STOP_BITS_2</param>
            <param name="parity">The parity of the UART data.  Valid values are PARITY.PARITY_NONE, PARITY.PARITY_ODD, PARITY.PARITY_EVEN, PARITY.PARITY_MARK or PARITY.PARITY_SPACE</param>
            <returns>FT_STATUS value from FT_SetDataCharacteristics</returns>
        </member>
        <member name="M:FTD2XX_NET.CommPort.SetTimeouts(System.UInt32,System.UInt32)">
            <summary>
            Sets Read and Write Timeout values
            </summary>
            <param name="readTimeout">Read timeout value in ms.  A value of 0 indicates an infinite timeout.</param>
            <param name="writeTimeout">Write timeout value in ms.  A value of 0 indicates an infinite timeout.</param>
            <returns>FT_STATUS value from FT_SetTimeouts</returns>
        </member>
        <member name="M:FTD2XX_NET.CommPort.Close">
            <summary>
            Closes the current port
            </summary>
        </member>
        <member name="M:FTD2XX_NET.CommPort.ConnectDeviceBySerialNumber(System.String)">
            <summary>
            Connect the FTDI device with the specified serial number.
            </summary>
            <param name="serialNumber">Serial number of the device to connect.</param>
            <returns></returns>
            <remarks>Initialises the device to 8 data bits, 1 stop bit, no parity, no flow control and 9600 Baud.</remarks>
        </member>
        <!-- Badly formed XML comment ignored for member "M:FTD2XX_NET.CommPort.GetDeviceList" -->
        <member name="T:FTD2XX_NET.CommPort.DATA_BITS">
            <summary>
            Data bits
            </summary>
        </member>
        <member name="T:UsbLibrary.HIDDeviceException">
            <summary>
            Generic HID device exception
            </summary>
        </member>
        <member name="F:FTD2XX_NET.DummyUSBForm.components">
            <summary>
            Required designer variable.
            </summary>
        </member>
        <member name="M:FTD2XX_NET.DummyUSBForm.Dispose(System.Boolean)">
            <summary>
            Clean up any resources being used.
            </summary>
            <param name="disposing">true if managed resources should be disposed; otherwise, false.</param>
        </member>
        <member name="M:FTD2XX_NET.DummyUSBForm.InitializeComponent">
            <summary>
            Required method for Designer support - do not modify
            the contents of this method with the code editor.
            </summary>
        </member>
        <member name="E:FTD2XX_NET.DummyUSBForm.DeviceArrived">
            <summary>
            Events signalized to the client app.
            Add handlers for these events in your form to be notified of removable device events 
            </summary>
        </member>
        <member name="T:Dolinay.DetectorForm">
            <summary>
            Hidden Form which we use to receive Windows messages about flash drives
            </summary>
        </member>
        <member name="M:Dolinay.DetectorForm.#ctor(Dolinay.DriveDetector)">
            <summary>
            Set up the hidden form. 
            </summary>
            <param name="detector">DriveDetector object which will receive notification about USB drives, see WndProc</param>
        </member>
        <member name="M:Dolinay.DetectorForm.WndProc(System.Windows.Forms.Message@)">
            <summary>
            This function receives all the windows messages for this window (form).
            We call the DriveDetector from here so that is can pick up the messages about
            drives arrived and removed.
            </summary>
        </member>
        <member name="T:Dolinay.USBDetectorEventArgs">
            <summary>
            Our class for passing in custom arguments to our event handlers 
            
            </summary>
        </member>
        <member name="F:Dolinay.USBDetectorEventArgs.Cancel">
            <summary>
            Get/Set the value indicating that the event should be cancelled 
            Only in QueryRemove handler.
            </summary>
        </member>
        <member name="F:Dolinay.USBDetectorEventArgs.Drive">
            <summary>
            Drive letter for the device which caused this event 
            </summary>
        </member>
        <member name="F:Dolinay.USBDetectorEventArgs.HookQueryRemove">
            <summary>
            Set to true in your DeviceArrived event handler if you wish to receive the 
            QueryRemove event for this drive. 
            </summary>
        </member>
        <member name="T:Dolinay.DriveDetector">
            <summary>
            Detects insertion or removal of removable drives.
            Use it in 1 or 2 steps:
            1) Create instance of this class in your project and add handlers for the
            DeviceArrived, DeviceRemoved and QueryRemove events.
            AND (if you do not want drive detector to create a hidden form))
            2) Override WndProc in your form and call DriveDetector's WndProc from there. 
            If you do not want to do step 2, just use the DriveDetector constructor without arguments and
            it will create its own invisible form to receive messages from Windows.
            </summary>
        </member>
        <member name="M:Dolinay.DriveDetector.#ctor">
            <summary>
            The easiest way to use DriveDetector. 
            It will create a hidden form for processing Windows messages about USB drives
            You do not need to override WndProc in your form.
            </summary>
        </member>
        <member name="M:Dolinay.DriveDetector.#ctor(System.Windows.Forms.Control)">
            <summary>
            Alternate constructor.
            Pass in your Form and DriveDetector will not create hidden form.
            </summary>
            <param name="control">object which will receive Windows messages. 
            Pass "this" as this argument from your form class.</param>
        </member>
        <member name="M:Dolinay.DriveDetector.#ctor(System.Windows.Forms.Control,System.String)">
             <summary>
             Consructs DriveDetector object setting also path to file which should be opened
             when registering for query remove.  
             </summary>
            <param name="control">object which will receive Windows messages. 
             Pass "this" as this argument from your form class.</param>
             <param name="FileToOpen">Optional. Name of a file on the removable drive which should be opened. 
             If null, root directory of the drive will be opened. Opening a file is needed for us 
             to be able to register for the query remove message. TIP: For files use relative path without drive letter.
             e.g. "SomeFolder\file_on_flash.txt"</param>
        </member>
        <member name="M:Dolinay.DriveDetector.Init(System.Windows.Forms.Control,System.String)">
            <summary>
            init the DriveDetector object
            </summary>
            <param name="intPtr"></param>
        </member>
        <member name="M:Dolinay.DriveDetector.EnableQueryRemove(System.String)">
            <summary>
            Hooks specified drive to receive a message when it is being removed.  
            This can be achieved also by setting e.HookQueryRemove to true in your 
            DeviceArrived event handler. 
            By default DriveDetector will open the root directory of the flash drive to obtain notification handle
            from Windows (to learn when the drive is about to be removed). 
            </summary>
            <param name="fileOnDrive">Drive letter or relative path to a file on the drive which should be 
            used to get a handle - required for registering to receive query remove messages.
            If only drive letter is specified (e.g. "D:\\", root directory of the drive will be opened.</param>
            <returns>true if hooked ok, false otherwise</returns>
        </member>
        <member name="M:Dolinay.DriveDetector.DisableQueryRemove">
            <summary>
            Unhooks any currently hooked drive so that the query remove 
            message is not generated for it.
            </summary>
        </member>
        <member name="M:Dolinay.DriveDetector.Dispose">
            <summary>
            Unregister and close the file we may have opened on the removable drive. 
            Garbage collector will call this method.
            </summary>
        </member>
        <member name="M:Dolinay.DriveDetector.WndProc(System.Windows.Forms.Message@)">
            <summary>
            Message handler which must be called from client form.
            Processes Windows messages and calls event handlers. 
            </summary>
            <param name="m"></param>
        </member>
        <member name="F:Dolinay.DriveDetector.mDirHandle">
            <summary>
            New: 28.10.2007 - handle to root directory of flash drive which is opened
            for device notification
            </summary>
        </member>
        <member name="F:Dolinay.DriveDetector.mFileOnFlash">
            <summary>
            Class which contains also handle to the file opened on the flash drive
            </summary>
        </member>
        <member name="F:Dolinay.DriveDetector.mFileToOpen">
            <summary>
            Name of the file to try to open on the removable drive for query remove registration
            </summary>
        </member>
        <member name="F:Dolinay.DriveDetector.mDeviceNotifyHandle">
            <summary>
            Handle to file which we keep opened on the drive if query remove message is required by the client
            </summary>       
        </member>
        <member name="F:Dolinay.DriveDetector.mRecipientHandle">
            <summary>
            Handle of the window which receives messages from Windows. This will be a form.
            </summary>
        </member>
        <member name="F:Dolinay.DriveDetector.mCurrentDrive">
            <summary>
            Drive which is currently hooked for query remove
            </summary>
        </member>
        <member name="M:Dolinay.DriveDetector.RegisterQuery(System.String)">
            <summary>
            Registers for receiving the query remove message for a given drive.
            We need to open a handle on that drive and register with this handle. 
            Client can specify this file in mFileToOpen or we will open root directory of the drive
            </summary>
            <param name="drive">drive for which to register. </param>
        </member>
        <member name="M:Dolinay.DriveDetector.RegisterForDeviceChange(System.String)">
            <summary>
            New version which gets the handle automatically for specified directory
            Only for registering! Unregister with the old version of this function...
            </summary>
            <param name="register"></param>
            <param name="dirPath">e.g. C:\\dir</param>
        </member>
        <member name="M:Dolinay.DriveDetector.RegisterForDeviceChange(System.Boolean,Microsoft.Win32.SafeHandles.SafeFileHandle)">
            <summary>
            Registers to be notified when the volume is about to be removed
            This is requierd if you want to get the QUERY REMOVE messages
            </summary>
            <param name="register">true to register, false to unregister</param>
            <param name="fileHandle">handle of a file opened on the removable drive</param>
        </member>
        <member name="M:Dolinay.DriveDetector.DriveMaskToLetter(System.Int32)">
            <summary>
            Gets drive letter from a bit mask where bit 0 = A, bit 1 = B etc.
            There can actually be more than one drive in the mask but we 
            just use the last one in this case.
            </summary>
            <param name="mask"></param>
            <returns></returns>
        </member>
        <member name="E:Dolinay.DriveDetector.DeviceArrived">
            <summary>
            Events signalized to the client app.
            Add handlers for these events in your form to be notified of removable device events 
            </summary>
        </member>
        <member name="P:Dolinay.DriveDetector.IsQueryHooked">
            <summary>
            Gets the value indicating whether the query remove event will be fired.
            </summary>
        </member>
        <member name="P:Dolinay.DriveDetector.HookedDrive">
            <summary>
            Gets letter of drive which is currently hooked. Empty string if none.
            See also IsQueryHooked.
            </summary>
        </member>
        <member name="P:Dolinay.DriveDetector.OpenedFile">
            <summary>
            Gets the file stream for file which this class opened on a drive to be notified
            about it's removal. 
            This will be null unless you specified a file to open (DriveDetector opens root directory of the flash drive) 
            </summary>
        </member>
        <member name="T:Dolinay.DriveDetector.Native">
            <summary>
            WinAPI functions
            </summary>        
        </member>
        <member name="M:Dolinay.DriveDetector.Native.OpenDirectory(System.String)">
            <summary>
            Opens a directory, returns it's handle or zero.
            </summary>
            <param name="dirPath">path to the directory, e.g. "C:\\dir"</param>
            <returns>handle to the directory. Close it with CloseHandle().</returns>
        </member>
    </members>
</doc>
